ID|Descrizione|RagSoc|Paese| ANCODICE |ANDESCRI||||
1600284_X|A5 BASIC|STYLER|POLONIA|000031|STYLER G.LITEWKA, S.ROMANIEWSKI SP. J.  ||||
1600303|A5 BASIC|ZEBRA|RUSSIA|000068|"""ZEBRA"" LTD"||||
1600304|A5 BASIC|ZEBRA|RUSSIA|000068|"""ZEBRA"" LTD"||||
1600305|A5 BASIC|STYLER|POLONIA|000031|STYLER G.LITEWKA, S.ROMANIEWSKI SP. J.  ||||
1700445|A5 BASIC|SIA INNOVA|LETTONIA|000208|SIA INNOVA||||
1700447|A5 BASIC|STYLER|POLONIA|000031|STYLER G.LITEWKA, S.ROMANIEWSKI SP. J.  ||||
1800467|A5 BASIC|DONG WOO|KOREA|000019|DONG WOO FRAME||||
1800473|A5 BASIC|MOTTA|ITALIA|000001|BREVETTI MOTTA SRL||||
1800474|A5 BASIC|MOTTA|ITALIA|000001|BREVETTI MOTTA SRL||||
1901017|A5 BASIC|GUANGZHOU JUNSHENG|CINA|000209|GUANGZHOU JUNSHENG IMP.&EXP. TRADING COMPANY LTD||||
1901079|A5 BASIC|MAINLINE|INGHILTERRA|000047|MAINLINE MOULDINGS LTD||||
2001037|A5 BASIC|AL1 SERVICE|FRANCIA| 000005 |AL1 SERVICE MAINTENANCE||||
2001038|A5 BASIC|STETAS|GERMANIA|000208|SIA INNOVA||||
2001039|A5 BASIC|MAIN LINE|INGHILTERRA|000047|MAINLINE MOULDINGS LTD||||
2001040|A5 BASIC|CHRISMATIC|POLONIA|000273|CHRISMATIC KLAUDIA BUCZEK||||
2001047|A5 BASIC|TGS REPAIRS|INGHILTERRA|000060|TGS REPAIRS LLC||||
2001048|A5 BASIC|ROLAND WEIZER|GERMANIA|000030|ROLAND WEITZER INDUSTRIEVERTRETUNG||||
2001050|A5 BASIC|STYLER|POLONIA|000031|STYLER G.LITEWKA, S.ROMANIEWSKI SP. J.||||
2001081|A5 BASIC|UAB GEISTE|LITUANIA|000032|"UAB ""GEISTE"""||||
2001082|A5 BASIC|ENMARKALIA|SPAGNA|000055|ENMARKALIA DECORACION S.L.||||
2001002|A5 BASIC|DONG WOO |KOREA|000019|DONG WOO FRAME||||
21010015|A5 BASIC|DONG WOO |KOREA|000019|DONG WOO FRAME||||
21010020|A5 BASIC|DONG WOO|KOREA|000019|DONG WOO FRAME||||
21010021|A5 BASIC|DONG WOO|KOREA|000019|DONG WOO FRAME||||
21010036|A5 BASIC|ROLAND WEIZER|GERMANIA|000030|ROLAND WEITZER INDUSTRIEVERTRETUNG||||
21010056|A5 BASIC|DONG WOO|KOREA|000019|DONG WOO FRAME||||
21010068|A5 BASIC|DONG WOO|KOREA|000019|DONG WOO FRAME||||
21010069|A5 BASIC||||???||||
1600326|A5|A+USA|USA| 000006 |A-PLUS AUTOMATION USA INC||||
1700449|A5|DONG WOO|KOREA|000019|DONG WOO FRAME||||
1700450|A5|DONG WOO|KOREA|000019|DONG WOO FRAME||||
1700451|A5|DONG WOO|KOREA|000019|DONG WOO FRAME||||
1700452|A5|DONG WOO|KOREA|000019|DONG WOO FRAME||||
1700466|A5|DONG WOO|KOREA|000019|DONG WOO FRAME||||
1800463|A5|BREVETTI MOTTA|ITALIA|000001|BREVETTI MOTTA SRL||||
1800469|A5|DONG WOO|KOREA|000019|DONG WOO FRAME||||
1800470|A5|DONG WOO|KOREA|000019|DONG WOO FRAME||||
1800471|A5|DONG WOO|KOREA|000019|DONG WOO FRAME||||
1800472|A5|DONG WOO|KOREA|000019|DONG WOO FRAME||||
1500106|A5|CORNICERIA FORLIVESE|ITALIA - FORLI||CLIENTE 184/206 ???||||
1500224|A5|SEA GOD|CINA|000274|SEA-GOD ART(HUIZHOU) LTD.||||
1500225|A5|SEA GOD|CINA|000274|SEA-GOD ART(HUIZHOU) LTD.||||
1500226|A5|SEA GOD|CINA|000274|SEA-GOD ART(HUIZHOU) LTD.||||
1500227|A5|SEA GOD|CINA|000274|SEA-GOD ART(HUIZHOU) LTD.||||
1500228|A5|SEA GOD|CINA|000274|SEA-GOD ART(HUIZHOU) LTD.||||
1500229|A5|SEA GOD|CINA|000274|SEA-GOD ART(HUIZHOU) LTD.||||
1500230|A5|SEA GOD|CINA|000274|SEA-GOD ART(HUIZHOU) LTD.||||
1500259|A5|PG|ITALIA - MILANO|000037|ENGARDO SRL SOCIO UNICO||||
1600255|A5|A+USA|USA| 000006 |A-PLUS AUTOMATION USA INC||||
1600256|A5|A+USA|USA| 000006 |A-PLUS AUTOMATION USA INC||||
1600257|A5|A+USA|USA| 000006 |A-PLUS AUTOMATION USA INC||||
1600258|A5|A+USA|USA| 000006 |A-PLUS AUTOMATION USA INC||||
1600259|A5|VIEWTECH INDUSTRIAL|HONG KONG||???||||
1600320|A5|A+USA|USA| 000006 |A-PLUS AUTOMATION USA INC||||
1600321|A5|A+USA|USA| 000006 |A-PLUS AUTOMATION USA INC||||
1600322|A5|A+USA|USA| 000006 |A-PLUS AUTOMATION USA INC||||
1600323|A5|A+USA|USA| 000006 |A-PLUS AUTOMATION USA INC||||
1600324|A5|DA.VI.GA.|SPAGNA|000341|DANIEL VILLACORTA GALAN||||
1600325|A5|CEANOTHE|FRANCIA| 000012 |CEANOTHE HOLDING||||
1600393|A5|VIEWTECH INDUSTRIAL|HONG KONG|000260|CHU KWUN KEE METAL MFY LTD,||||
1600394|A5|SHANDONG INTCO|CINA|000024|SHANDONG INTCO RECYCLING RESOURCE CO., LTD.||||
1600395|A5|SHANDONG INTCO|CINA|000024|SHANDONG INTCO RECYCLING RESOURCE CO., LTD.||||
1600396|A5|SHANDONG INTCO|CINA|000024|SHANDONG INTCO RECYCLING RESOURCE CO., LTD.||||
1600397|A5|SHANDONG INTCO|CINA|000024|SHANDONG INTCO RECYCLING RESOURCE CO., LTD.||||
1600398|A5|A+USA|USA| 000006 |A-PLUS AUTOMATION USA INC||||
1600399|A5|A+USA|USA| 000006 |A-PLUS AUTOMATION USA INC||||
1600400|A5|A+USA|USA| 000006 |A-PLUS AUTOMATION USA INC||||
1600401|A5|A+USA|USA| 000006 |A-PLUS AUTOMATION USA INC||||
1600402|A5|A+USA|USA| 000006 |A-PLUS AUTOMATION USA INC||||
1600433|A5|A+USA|USA| 000006 |A-PLUS AUTOMATION USA INC||||
1600434|A5|0 NESSUNO|||???||||
1700431|A5|INTCO|CINA|000279|INTCO INTERNATIONAL (HK) CO., LIMITED||||
1700432|A5|FIERA BOLOGNA|ITALIA||???||||
1700434|A5|FIERA BOLOGNA|ITALIA||???||||
1700435|A5|A+USA|USA| 000006 |A-PLUS AUTOMATION USA INC||||
1700436|A5|A+USA|USA| 000006 |A-PLUS AUTOMATION USA INC||||
1700437|A5|SEA GOD|CINA|000274|SEA-GOD ART(HUIZHOU) LTD.||||
1700438|A5|SEA GOD|CINA|000274|SEA-GOD ART(HUIZHOU) LTD.||||
1700439|A5|SEA GOD|CINA|000274|SEA-GOD ART(HUIZHOU) LTD.||||
1700440|A5|SEA GOD|CINA|000274|SEA-GOD ART(HUIZHOU) LTD.||||
1700441|A5|MOLDECOR|MESSICO|000062|MOLDECOR SA de CV||||
1700442|A5|A+USA|USA| 000006 |A-PLUS AUTOMATION USA INC||||
1700443|A5|A+USA|USA| 000006 |A-PLUS AUTOMATION USA INC||||
1700444|A5|A+USA|USA| 000006 |A-PLUS AUTOMATION USA INC||||
1700446|A5|ACORN|IRLANDIA| 000048 |ACORN PICTURE FRAMING SUPPLIES LTD||||
1700448|A5|MOTTA|ITALIA|000001|BREVETTI MOTTA SRL||||
1800455|A5|A+USA|USA| 000006 |A-PLUS AUTOMATION USA INC||||
1800456|A5|A+USA|USA| 000006 |A-PLUS AUTOMATION USA INC||||
1800457|A5|A+USA|USA| 000006 |A-PLUS AUTOMATION USA INC||||
1800458|A5|A+USA|USA| 000006 |A-PLUS AUTOMATION USA INC||||
1800459|A5|A+USA|USA| 000006 |A-PLUS AUTOMATION USA INC||||
1800460|A5|A+USA|USA| 000006 |A-PLUS AUTOMATION USA INC||||
1800461|A5|MONSIEUR|TUNISIA|000077|MONSIEUR JAMEL BAANANOU - FRAMES CITY||||
1800463|A5|MOTTA|ITALIA|000001|BREVETTI MOTTA SRL||||
1800464|A5|AL1 SERVICE|FRANCIA| 000005 |AL1 SERVICE MAINTENANCE||||
1800468|A5|CROMATRY|INGHILTERRA|000084|CROMATRY LTD||||
1800476|A5|A+USA|USA| 000006 |A-PLUS AUTOMATION USA INC||||
1800477|A5|A+USA|USA| 000006 |A-PLUS AUTOMATION USA INC||||
1800912|A5|A+USA|USA| 000006 |A-PLUS AUTOMATION USA INC||||
1901018|A5|TGS REPAIR|INGHILTERRA|000060|TGS REPAIRS LLP||||
1901019|A5|INTCO|CINA|000279|INTCO INTERNATIONAL (HK) CO., LIMITED||||
1901039|A5|A+USA|USA| 000006 |A-PLUS AUTOMATION USA INC||||
1901040|A5|A+USA|USA| 000006 |A-PLUS AUTOMATION USA INC||||
1901065|A5|A+USA|USA| 000006 |A-PLUS AUTOMATION USA INC||||
1901066|A5|A+USA|USA| 000006 |A-PLUS AUTOMATION USA INC||||
1901075|A5|A+USA|USA| 000006 |A-PLUS AUTOMATION USA INC||||
1901076|A5|A+USA|USA| 000006 |A-PLUS AUTOMATION USA INC||||
1901077|A5|A+USA|USA| 000006 |A-PLUS AUTOMATION USA INC||||
1901084|A5|MOTTA|ITALIA|000001|BREVETTI MOTTA SRL||||
1901105|A5|CHAMTON|AUSTRALIA| 000035 |CHAMTON PTY LTD||||
2001071|A5|MAIN LINE|INGHILTERRA|000047|MAINLINE MOULDINGS LTD||||
2001072|A5|STETAS|GERMANIA|000287|STETAS GMBH||||
2001092|A5|STETAS|GERMANIA|000287|STETAS GMBH||||
2001094|A5|STETAS|GERMANIA|000287|STETAS GMBH||||
2001095|A5|WESSEX|INGHILTERRA|000254|WESSEX PICTURES - A.L. YOUNGER LTD||||
2001102|A5|TGS REPAIR|INGHILTERRA|000060|TGS REPAIRS LLP||||
2001115|A5|CHAMPTON|AUSTRALIA| 000035 |CHAMTON PTY LTD||||
21010016|A5|VELISTA|UKRAINA|000272|VELISTA ART LTD.||||
21010017|A5|CHAMTON|AUSTRALIA| 000035 |CHAMTON PTY LTD||||
21010018|A5 (A6 MEMO TS)|TGS REPAIR|INGHILTERRA|000060|TGS REPAIRS LLP||||
21010033|A5|APA POLSKA|POLONIA| 000098 |APA POLSKA SP. Z O.O. SPOLKA KOMANDYTOWA||||
21010034|A5|ARTBLOC|INGHILTERRA|000042|ARTBLOC COMPANY LTD||||
21010035|A5|RAMEX|SLOVENIA|000041|RAMEX a.s.||||
21010053|A5|SC FRAME DEPOT|ROMANIA|000344|SC FRAMES DEPOT SRL||||
21010054|A5|RAMEX|SLOVENIA|000041|RAMEX a.s.||||
21010066|A5|A+USA|USA| 000006 |A-PLUS AUTOMATION USA INC||||
21010067|A5|A+USA|USA| 000006 |A-PLUS AUTOMATION USA INC||||
21010097|A5|TGS REPAIRS|INGHILTERRA|000060|TGS REPAIRS LLC||||
21010098|A5|A+USA|USA| 000006 |A-PLUS AUTOMATION USA INC||||
21010099|A5|A+USA|USA| 000006 |A-PLUS AUTOMATION USA INC||||
21010100|A5|A+USA|USA| 000006 |A-PLUS AUTOMATION USA INC||||
21010101|A5|A+USA|USA|000006|A-PLUS AUTOMATION USA INC||||
21010102|A5|DANI|SPAGNA|000341|DANIEL VILLACORTA GALAN||||
21010103|A5|DANI|SPAGNA|000341|DANIEL VILLACORTA GALAN||||
21010104|A5|A+USA|USA| 000006 |A-PLUS AUTOMATION USA INC||||
21010123|A5|A+USA|USA| 000006 |A-PLUS AUTOMATION USA INC||||
21010124|A5|A+USA|USA| 000006 |A-PLUS AUTOMATION USA INC||||
1500281|A6|DIMITRY|LITUANIA|000032|"UAB ""GEISTE"""||||
1500285|A6|CENTRO CORNICI|ITALIA - VERONA||???||||
1500290|A6|CS CAPPELLINI|ITALIA|000014|C.S. DI CAPPELLINI GIANLUIGI & C. SNC||||
1600283|A6|A+USA|USA| 000006 |A-PLUS AUTOMATION USA INC||||
1600284|A6|A+USA|USA| 000006 |A-PLUS AUTOMATION USA INC||||
1600286|A6|A+USA|USA| 000006 |A-PLUS AUTOMATION USA INC||||
1600287|A6|A+USA|USA| 000006 |A-PLUS AUTOMATION USA INC||||
1600288|A6|OM molding|INDIA|000027|OM MOULDINGS||||
1600289|A6|BUILDER SHOP|GERMANIA| 000030 |ROLAND WEITZER INDUSTRIEVERTRETUNG||||
1600291|A6|SHANGDONG INTCO|CINA|000024|SHANDONG INTCO RECYCLING RESOURCE CO., LTD.||||
1600292|A6|SHANGDONG INTCO|CINA|000024|SHANDONG INTCO RECYCLING RESOURCE CO., LTD.||||
1600293|A6|DEKNUDT FRAMES NV|BELGIO|000017|DEKNUDT FRAMES NV||||
1600294|A6|OM molding|INDIA|000027|OM MOULDINGS||||
1600296|A6|A+USA|USA| 000006 |A-PLUS AUTOMATION USA INC||||
1600297|A6|G&C|DANIMARCA|000160|G & C INTERIORS A/S||||
1600300|A6|DECO MANUFACTORING|MALTA|000016|DECO MANUFACTORING LTD||||
1700901|A6|ACORN|IRLANDIA| 000048 |ACORN PICTURE FRAMING SUPPLIES LTD||||
1700902|A6|A+USA|USA| 000006 |A-PLUS AUTOMATION USA INC||||
1700905|A6|G&C|DANIMARCA|000160|G & C INTERIORS A/S||||
1700907|A6|DEKNUDT FRAMES NV|BELGIO|000017|DEKNUDT FRAMES NV||||
1800908|A6|A+USA|USA| 000006 |A-PLUS AUTOMATION USA INC||||
1800909|A6|A+USA|USA| 000006 |A-PLUS AUTOMATION USA INC||||
1800910|A6|ACORN|IRLANDIA| 000048 |ACORN PICTURE FRAMING SUPPLIES LTD||||
1800911|A6|A+USA|USA| 000006 |A-PLUS AUTOMATION USA INC||||
1800913|A6|INNRAMMARINN EHF|ISLANDA|000057|INNRAMMARINN EHF||||
1800914|A6|CADRES|FRANCIA| 000067 |CADRES AMALVY SARL||||
1800915|A6|LIRA|GERMANIA|000151|LARSON JUHL S.R.O.||||
1800916|A6|0 NESSUNO|||???||||
1800917|A6 |ESEL|CROAZIA|000020|ESEL d.o.o.||||
1901072|A6 |MAIN LINE|INGHILTERRA|000047|MAINLINE MOULDINGS LTD||||
1901073|A6 |A+USA|USA| 000006 |A-PLUS AUTOMATION USA INC||||
1901074|A6 |A+USA|USA| 000006 |A-PLUS AUTOMATION USA INC||||
1901083|A6 |ROLAND WEIZER|GERMANIA|000030|ROLAND WEITZER INDUSTRIEVERTRETUNG||||
2001027|A6 |ZANART EZE-FRAME|INGHILTERRA|000113|ZANART GALLERY & FRAMING||||
2001028|A6 |LARSON|AUSTRALIA|000231|LARSON JUHL PTY LTD||||
2001029|A6 |WESSEX|INGHILTERRA|000254|WESSEX PICTURES - A.L. YOUNGER LTD||||
2001044|A6 |MAIN LINE|INGHILTERRA|000047|MAINLINE MOULDINGS LTD||||
2001045|A6 |ROLAND WEIZER|GERMANIA|000030|ROLAND WEITZER INDUSTRIEVERTRETUNG||||
2001046|A6 |ZANART EZE-FRAME|INGHILTERRA|000113|ZANART GALLERY & FRAMING||||
2001051|A6 |ROLAND WEIZER|GERMANIA|000030|ROLAND WEITZER INDUSTRIEVERTRETUNG||||
2001061|A6 |STETAS|GERMANIA|000287|STETAS GMBH||||
2001062|A6 |AL1 SERVICE|FRANCIA|000005|AL1 SERVICE MAINTENANCE||||
2001080|A6 |ULTIMAT|INGHILTERRA|000034|ULTIMAT LTD||||
2001093|A6 |CHAMTON|AUSTRALIA| 000035 |CHAMTON PTY LTD||||
2001096|A6 |BREVETTI MOTTA|ITALIA| 000001 |BREVETTI MOTTA SRL||||
21001044|A6 |BRAVETTI MOTTA|ITALIA| 000001 |BREVETTI MOTTA SRL||||
21010003|A6 |TGS REPAIR|INGHILTERRA|000060|TGS REPAIRS LLP||||
21010004|A6 |BALTIC FRAME|LETTONIA|000313|BALTIC FRAME SIA||||
21010037|A6 ||TGS REPAIRS LLC|000060|TGS REPAIRS LLC||||
21010043|A6 |TGS REPAIR|INGHILTERRA|000060|TGS REPAIRS LLP||||
21010070|A6 |FRAMETECH|SPAGNA|000340|FRAMETECH S.L.||||
21010071|A6 |DECO MANUFACTORING|MALTA|000016|DECO MANUFACTORING LTD||||
21010072|A6 |APA POLSKA|POLONIA| 000098 |APA POLSKA SP. Z O.O. SPOLKA KOMANDYTOWA||||
21010073|A6 |BRAVETTI MOTTA|ITALIA| 000001 |BREVETTI MOTTA SRL||||
21010087|A6 |DANI|SPAGNA|000341|DANIEL VILLACORTA GALAN||||
21010088|A6 |CHAMPTON|AUSTRALIA| 000035 |CHAMTON PTY LTD||||
21010089|A6||TGS REPAIRS LLC|000060|TGS REPAIRS LLC||||
21010093|A6 |APA POLSKA|POLONIA| 000098 |APA POLSKA SP. Z O.O. SPOLKA KOMANDYTOWA||||
21010109|A6|FRAMETECH|SPAGNA|000340|FRAMETECH S.L.||||
21010125|A6|A+USA|USA| 000006 |A-PLUS AUTOMATION USA INC||||
21010126|A6|A+USA|USA| 000006 |A-PLUS AUTOMATION USA INC||||
21010127|A6|A+USA|USA| 000006 |A-PLUS AUTOMATION USA INC||||
1600260|A6 BASIC|MINITRADE|CINA|000053|MINITRADE CHINA||||
1700900|A6 BASIC|ARTMEN|HONG KONG| 000119 |ARTMEN FRAME & GLASS COMPANY||||
1901020|A6 BASIC|MAIN LINE|INGHILTERRA|000047|MAINLINE MOULDINGS LTD||||
1901021|A6 BASIC|DONG WOO|KOREA|000019|DONG WOO FRAME||||
1901082|A6 BASIC|ROLAND WEIZER|GERMANIA|000030|ROLAND WEITZER INDUSTRIEVERTRETUNG||||
1600240|A5 RC (bloccaggio scomparsa)|A+USA|USA| 000006 |A-PLUS AUTOMATION USA INC||||
1600241|A5 RC (bloccaggio scomparsa)|A+USA|USA| 000006 |A-PLUS AUTOMATION USA INC||||
1600242|A5 RC (bloccaggio scomparsa)|A+USA|USA| 000006 |A-PLUS AUTOMATION USA INC||||
1600243|A5 RC (bloccaggio scomparsa)|A+USA|USA| 000006 |A-PLUS AUTOMATION USA INC||||
1600244|A5 RC (bloccaggio scomparsa)|A+USA|USA| 000006 |A-PLUS AUTOMATION USA INC||||
1600245|A5 RC (bloccaggio scomparsa)|A+USA|USA| 000006 |A-PLUS AUTOMATION USA INC||||
1600246|A5 RC (bloccaggio scomparsa)|A+USA|USA| 000006 |A-PLUS AUTOMATION USA INC||||
1600247|A5 RC (bloccaggio scomparsa)|A+USA|USA| 000006 |A-PLUS AUTOMATION USA INC||||
1600248|A5 RC (bloccaggio scomparsa)|A+USA|USA| 000006 |A-PLUS AUTOMATION USA INC||||
1600249|A5 RC (bloccaggio scomparsa)|A+USA|USA| 000006 |A-PLUS AUTOMATION USA INC||||
1600250|A5 RC (bloccaggio scomparsa)|A+USA|USA| 000006 |A-PLUS AUTOMATION USA INC||||
1600251|A5 RC (bloccaggio scomparsa)|A+USA|USA| 000006 |A-PLUS AUTOMATION USA INC||||
1700430|A5 RC (bloccaggio scomparsa)|FIERA BOLOGNA|ITALIA||???||||
2001001|A5 RC (bloccaggio scomparsa)|DONG WOO|KOREA|000019|DONG WOO FRAME||||
2001074|A5 RC (bloccaggio scomparsa)|TGS REPAIR|INGHILTERRA|000060|TGS REPAIRS LLP||||
1800462|A5 INTCO (solo M307)|INTCO|CINA|000279|INTCO INTERNATIONAL (HK) CO., LIMITED||||
1800700|A5 INTCO (solo M307)|INTCO|CINA|000279|INTCO INTERNATIONAL (HK) CO., LIMITED||||
1800701|A5 INTCO (solo M307)|INTCO|CINA|000279|INTCO INTERNATIONAL (HK) CO., LIMITED||||
1800702|A5 INTCO (solo M307)|INTCO|CINA|000279|INTCO INTERNATIONAL (HK) CO., LIMITED||||
1800703|A5 INTCO (solo M307)|INTCO|CINA|000279|INTCO INTERNATIONAL (HK) CO., LIMITED||||
1800704|A5 INTCO (solo M307)|INTCO|CINA|000279|INTCO INTERNATIONAL (HK) CO., LIMITED||||
1800705|A5 INTCO (solo M307)|INTCO|CINA|000279|INTCO INTERNATIONAL (HK) CO., LIMITED||||
1800706|A5 INTCO (solo M307)|INTCO|CINA|000279|INTCO INTERNATIONAL (HK) CO., LIMITED||||
1800707|A5 INTCO (solo M307)|INTCO|CINA|000279|INTCO INTERNATIONAL (HK) CO., LIMITED||||
1800708|A5 INTCO (solo M307)|INTCO|CINA|000279|INTCO INTERNATIONAL (HK) CO., LIMITED||||
1800709|A5 INTCO (solo M307)|INTCO|CINA|000279|INTCO INTERNATIONAL (HK) CO., LIMITED||||
1800710|A5 INTCO (solo M307)|INTCO|CINA|000279|INTCO INTERNATIONAL (HK) CO., LIMITED||||
1800711|A5 INTCO (solo M307)|INTCO|CINA|000279|INTCO INTERNATIONAL (HK) CO., LIMITED||||
1800712|A5 INTCO (solo M307)|INTCO|CINA|000279|INTCO INTERNATIONAL (HK) CO., LIMITED||||
1800713|A5 INTCO (solo M307)|INTCO|CINA|000279|INTCO INTERNATIONAL (HK) CO., LIMITED||||
1800714|A5 INTCO (solo M307)|INTCO|CINA|000279|INTCO INTERNATIONAL (HK) CO., LIMITED||||
1800715|A5 INTCO (solo M307)|INTCO|CINA|000279|INTCO INTERNATIONAL (HK) CO., LIMITED||||
1800716|A5 INTCO (solo M307)|INTCO|CINA|000279|INTCO INTERNATIONAL (HK) CO., LIMITED||||
1800717|A5 INTCO (solo M307)|INTCO|CINA|000279|INTCO INTERNATIONAL (HK) CO., LIMITED||||
1800718|A5 INTCO (solo M307)|INTCO|CINA|000279|INTCO INTERNATIONAL (HK) CO., LIMITED||||
1800719|A5 INTCO (solo M307)|INTCO|CINA|000279|INTCO INTERNATIONAL (HK) CO., LIMITED||||
1800720|A5 INTCO (solo M307)|INTCO|CINA|000279|INTCO INTERNATIONAL (HK) CO., LIMITED||||
1800721|A5 INTCO (solo M307)|INTCO|CINA|000279|INTCO INTERNATIONAL (HK) CO., LIMITED||||
1800722|A5 INTCO (solo M307)|INTCO|CINA|000279|INTCO INTERNATIONAL (HK) CO., LIMITED||||
1800723|A5 INTCO (solo M307)|INTCO|CINA|000279|INTCO INTERNATIONAL (HK) CO., LIMITED||||
1800724|A5 INTCO (solo M307)|INTCO|CINA|000279|INTCO INTERNATIONAL (HK) CO., LIMITED||||
1800725|A5 INTCO (solo M307)|INTCO|CINA|000279|INTCO INTERNATIONAL (HK) CO., LIMITED||||
1800726|A5 INTCO (solo M307)|INTCO|CINA|000279|INTCO INTERNATIONAL (HK) CO., LIMITED||||
1800727|A5 INTCO (solo M307)|INTCO|CINA|000279|INTCO INTERNATIONAL (HK) CO., LIMITED||||
1800728|A5 INTCO (solo M307)|INTCO|CINA|000279|INTCO INTERNATIONAL (HK) CO., LIMITED||||
1800729|A5 INTCO (solo M307)|INTCO|CINA|000279|INTCO INTERNATIONAL (HK) CO., LIMITED||||
28807|A5 INTCO (solo M307)|PG|ITALIA - MILANO|000037|ENGARDO SRL SOCIO UNICO||||
30345|A5 INTCO (solo M307)|PG|ITALIA - MILANO|000037|ENGARDO SRL SOCIO UNICO||||
31863|A5 INTCO (solo M307)|PG|ITALIA - MILANO|000037|ENGARDO SRL SOCIO UNICO||||
34543|A5 INTCO (solo M307)|PG|ITALIA - MILANO|000037|ENGARDO SRL SOCIO UNICO||||
1901106|A7|A+USA|USA| 000006 |A-PLUS AUTOMATION USA INC||||
2001035|A7|A+USA|USA| 000006 |A-PLUS AUTOMATION USA INC||||
2001036|A7|A+USA|USA| 000006 |A-PLUS AUTOMATION USA INC||||
21010019|A7|TGS REPAIR|INGHILTERRA|000060|TGS REPAIRS LLP||||
21010045|A7|A+USA|USA| 000006 |A-PLUS AUTOMATION USA INC||||
21010055|A7|CHAMPTON|AUSTRALIA| 000035 |CHAMTON PTY LTD||||
21010090|A7|A+USA|USA| 000006 |A-PLUS AUTOMATION USA INC||||
